{
    "databases": 
    [
        {
            "database":"bike",
            "tables":
            [
                {
                    "table": "customer",
                    "location":"/home/gregs/projects/bikeData/Customers.dat",
                    "columns":
                        [
                            {    
                                "column":"deleted",
                                "type":{
                                    "char": 1
                                    }
                            },
                            {    
                                "column":"custid",
                                "type":{
                                    "char": 11
                                    }
                            },
                            {
                                "column":"givenname",
                                "type":{
                                    "char": 21
                                    }
                            },
                            {
                                "column":"middleinitial",
                                "type":{
                                    "char": 2
                                    }
                            },
                            {    
                                "column":"surname",
                                "type":{
                                    "char": 21
                                    }
                            },
                            {
                                "column":"phone",
                                "type":{
                                    "char": 21
                                    }
                            },
                            {
                                "column":"email",
                                "type":{
                                    "char": 41
                                    }
                            },
                            {
                                "column":"street1",
                                "type":{
                                    "char": 31
                                    }
                            }
                            ,
                            {
                                "column":"street2",
                                "type":{
                                    "char": 31
                                    }
                            }
                            ,
                            {
                                "column":"city",
                                "type":{
                                    "char": 21
                                    }
                            }
                            ,
                            {
                                "column":"state",
                                "type":{
                                    "char": 4
                                    }
                            }
                            ,
                            {
                                "column":"country",
                                "type":{
                                    "char": 4
                                    }
                            }
                            ,
                            {
                                "column":"zipcode",
                                "type":{
                                    "char": 11
                                    }
                            }
                        ]
                },
                {
                    "table": "store",
                    "location":"store.dat",
                    "columns":
                    [
                        {    
                            "column":"store_id",
                            "type":{
                                "char": 11
                                }
                        },
                        {
                            "column":"store_name",
                            "type":{
                                "char": 30                              }
                        }
 
                    ]
                }
            ]
        },
        {
            "database":"car"
        },
        {
            "database":"plane"
        }
    ]
}
